dteday,n_hours_recorded,cnt_actual,cnt_predicted,residual,abs_error
2016-01-01,24,9797,16430.630365242592,-6633.630365242592,6633.630365242592
2016-01-02,24,7195,12012.128333297915,-4817.128333297915,4817.128333297915
2016-01-03,24,4869,12327.855593280608,-7458.855593280608,7458.855593280608
2016-01-04,24,20533,22527.442400578562,-1994.4424005785622,1994.4424005785622
2016-01-05,24,22805,24263.57051406701,-1458.5705140670107,1458.5705140670107
2016-01-06,24,23038,21844.09930249401,1193.9006975059892,1193.9006975059892
2016-01-07,24,18083,17958.76351539055,124.23648460944969,124.23648460944969
2016-01-08,24,20762,22878.09121179502,-2116.091211795021,2116.091211795021
2016-01-09,24,11583,14110.42242835378,-2527.4224283537806,2527.4224283537806
2016-01-10,24,14320,18042.89207141759,-3722.892071417591,3722.892071417591
2016-01-11,24,21092,19759.081266800757,1332.9187331992434,1332.9187331992434
2016-01-12,24,22799,14769.238592686883,8029.761407313117,8029.761407313117
2016-01-13,24,24586,24356.695649957343,229.30435004265746,229.30435004265746
2016-01-14,24,22186,20112.220252270996,2073.779747729004,2073.779747729004
2016-01-15,24,22446,20294.4042595596,2151.5957404404,2151.5957404404
2016-01-16,24,16091,18807.705241693846,-2716.705241693846,2716.705241693846
2016-01-17,24,11762,16517.624484197084,-4755.624484197084,4755.624484197084
2016-01-18,24,22762,20806.621599598828,1955.3784004011723,1955.3784004011723
2016-01-19,24,23819,26505.7343970586,-2686.7343970586007,2686.7343970586007
2016-01-20,24,23800,23378.947639059177,421.05236094082284,421.05236094082284
2016-01-21,24,23378,23984.34438810703,-606.3443881070307,606.3443881070307
2016-01-22,24,18328,22978.0600754273,-4650.0600754273,4650.0600754273
2016-01-23,24,17218,19131.29288810079,-1913.2928881007902,1913.2928881007902
2016-01-24,24,16360,17809.143793276053,-1449.1437932760527,1449.1437932760527
2016-01-25,24,25724,26587.93183818928,-863.9318381892808,863.9318381892808
2016-01-26,24,20224,17020.15170694694,3203.848293053059,3203.848293053059
2016-01-27,24,21708,17452.83247932932,4255.167520670679,4255.167520670679
2016-01-28,24,25324,26595.584551094704,-1271.5845510947038,1271.5845510947038
2016-01-29,24,22526,19486.47282335552,3039.5271766444785,3039.5271766444785
2016-01-30,24,16381,19542.515671323945,-3161.515671323945,3161.515671323945
2016-01-31,24,11019,16553.980030945786,-5534.980030945786,5534.980030945786
2016-02-01,24,23606,21919.45974543172,1686.540254568281,1686.540254568281
2016-02-02,24,24514,24432.771521535928,81.2284784640724,81.2284784640724
2016-02-03,24,24436,23785.94792334296,650.0520766570407,650.0520766570407
2016-02-04,24,25154,23260.480518209628,1893.519481790372,1893.519481790372
2016-02-05,24,22597,21251.695301842286,1345.3046981577136,1345.3046981577136
2016-02-06,24,13126,16106.98795166452,-2980.9879516645196,2980.9879516645196
2016-02-07,23,14025,15943.551199300919,-1918.5511993009186,1918.5511993009186
2016-02-08,18,19497,18760.76466147961,736.2353385203896,736.2353385203896
2016-02-09,24,23308,23079.377628007802,228.62237199219817,228.62237199219817
2016-02-10,24,23626,22705.71593337543,920.2840666245684,920.2840666245684
2016-02-11,24,25186,24997.132575637723,188.86742436227723,188.86742436227723
2016-02-12,24,22819,18301.46708458427,4517.53291541573,4517.53291541573
2016-02-13,24,9869,8418.548289109407,1450.451710890593,1450.451710890593
2016-02-14,24,13697,16094.293667750366,-2397.293667750366,2397.293667750366
2016-02-15,24,21789,19254.023857088258,2534.9761429117425,2534.9761429117425
2016-02-16,24,24386,23351.123881765554,1034.876118234446,1034.876118234446
2016-02-17,24,19034,21956.754308820695,-2922.754308820695,2922.754308820695
2016-02-18,24,23517,24031.0945322722,-514.0945322722,514.0945322722
2016-02-19,24,22173,20136.39748523426,2036.6025147657383,2036.6025147657383
2016-02-20,23,10745,11798.49954679106,-1053.4995467910594,1053.4995467910594
2016-02-21,24,14670,15710.846750929435,-1040.846750929435,1040.846750929435
2016-02-22,24,20463,19241.711674701168,1221.2883252988322,1221.2883252988322
2016-02-23,24,25657,26246.339885258516,-589.339885258516,589.339885258516
2016-02-24,24,25481,26794.724639131102,-1313.7246391311019,1313.7246391311019
2016-02-25,24,24174,25636.707363252375,-1462.7073632523752,1462.7073632523752
2016-02-26,24,23580,23831.970480448792,-251.97048044879193,251.97048044879193
2016-02-27,24,14745,19775.74274770043,-5030.742747700431,5030.742747700431
2016-02-28,24,13451,17615.798034792766,-4164.798034792766,4164.798034792766
2016-02-29,24,23585,25391.016656121756,-1806.0166561217557,1806.0166561217557
2016-03-01,24,20704,20183.918160898134,520.0818391018656,520.0818391018656
2016-03-02,24,20635,19049.025548970807,1585.974451029193,1585.974451029193
2016-03-03,24,24416,23870.953432731287,545.0465672687133,545.0465672687133
2016-03-04,24,23970,23510.357903818818,459.64209618118184,459.64209618118184
2016-03-05,24,12215,15769.235269773788,-3554.235269773788,3554.235269773788
2016-03-06,24,12510,15966.938020977352,-3456.9380209773517,3456.9380209773517
2016-03-07,24,22672,23171.027807315346,-499.02780731534585,499.02780731534585
2016-03-08,24,23129,24241.637133552555,-1112.6371335525546,1112.6371335525546
2016-03-09,24,19142,15898.188107661956,3243.8118923380443,3243.8118923380443
2016-03-10,24,23504,22990.793847609955,513.2061523900447,513.2061523900447
2016-03-11,24,20893,21610.376710869714,-717.3767108697139,717.3767108697139
2016-03-12,24,21573,18503.578054775942,3069.4219452240577,3069.4219452240577
2016-03-13,24,21687,14438.819792926288,7248.180207073712,7248.180207073712
2016-03-14,24,25448,22800.45354576004,2647.5464542399604,2647.5464542399604
2016-03-15,24,25224,20446.717753300723,4777.282246699277,4777.282246699277
2016-03-16,24,25322,21500.474341077403,3821.5256589225974,3821.5256589225974
2016-03-17,24,27060,26296.566226007977,763.4337739920229,763.4337739920229
2016-03-18,24,23047,19706.76155702548,3340.2384429745216,3340.2384429745216
2016-03-19,24,17903,19129.220263223546,-1226.2202632235458,1226.2202632235458
2016-03-20,24,17043,19626.66795242364,-2583.667952423639,2583.667952423639
2016-03-21,24,25852,25974.70259798156,-122.70259798155894,122.70259798155894
2016-03-22,24,29150,30896.410276562834,-1746.410276562834,1746.410276562834
2016-03-23,24,26837,29195.94100465662,-2358.941004656619,2358.941004656619
2016-03-24,24,19329,20009.97754177896,-680.9775417789606,680.9775417789606
2016-03-25,24,25236,23962.63409696474,1273.365903035261,1273.365903035261
2016-03-26,19,10053,17162.483221934905,-7109.483221934905,7109.483221934905
2016-03-27,14,8123,11559.1818747861,-3436.1818747861,3436.1818747861
2016-03-28,24,10216,9715.705993597836,500.2940064021641,500.2940064021641
2016-03-29,24,18814,23599.78837009519,-4785.78837009519,4785.78837009519
2016-03-30,24,26516,26670.172089608743,-154.17208960874268,154.17208960874268
2016-03-31,24,28304,30567.256708663914,-2263.2567086639137,2263.2567086639137
2016-04-01,24,27137,29043.299909176338,-1906.2999091763377,1906.2999091763377
2016-04-02,24,24367,27106.10152121044,-2739.1015212104394,2739.1015212104394
2016-04-03,24,24941,18149.381822797586,6791.618177202414,6791.618177202414
2016-04-04,24,25109,25871.101168761234,-762.1011687612336,762.1011687612336
2016-04-05,24,30575,30605.9869040447,-30.986904044701078,30.986904044701078
2016-04-06,24,24002,26785.92253091695,-2783.9225309169487,2783.9225309169487
2016-04-07,23,18358,19836.740632613757,-1478.740632613757,1478.740632613757
2016-04-08,24,27191,28068.982835330797,-877.9828353307967,877.9828353307967
2016-04-09,24,19704,22188.816103704732,-2484.816103704732,2484.816103704732
2016-04-10,24,23418,21407.69344264441,2010.3065573555905,2010.3065573555905
2016-04-11,24,24010,26360.900946314712,-2350.900946314712,2350.900946314712
2016-04-12,24,30745,32324.94071110084,-1579.9407111008404,1579.9407111008404
2016-04-13,24,31762,36504.59001735352,-4742.590017353519,4742.590017353519
2016-04-14,24,30611,35694.225810727105,-5083.2258107271045,5083.2258107271045
2016-04-15,24,15761,20248.74933286077,-4487.749332860771,4487.749332860771
2016-04-16,24,17571,19920.41891707727,-2349.4189170772697,2349.4189170772697
2016-04-17,24,26885,26616.48754958985,268.51245041015136,268.51245041015136
2016-04-18,24,28220,28256.10469321424,-36.104693214241706,36.104693214241706
2016-04-19,24,33342,33159.082053507635,182.91794649236545,182.91794649236545
2016-04-20,24,34197,26788.501572960962,7408.498427039038,7408.498427039038
2016-04-21,24,31612,29301.344730339108,2310.6552696608924,2310.6552696608924
2016-04-22,24,20342,19715.88762050531,626.1123794946907,626.1123794946907
2016-04-23,24,21762,23628.98537046968,-1866.9853704696798,1866.9853704696798
2016-04-24,24,18597,18193.01059742302,403.98940257697905,403.98940257697905
2016-04-25,24,24149,23367.962964295148,781.0370357048523,781.0370357048523
2016-04-26,24,27628,27345.405595217886,282.594404782114,282.594404782114
2016-04-27,24,28157,24033.337808118307,4123.662191881693,4123.662191881693
2016-04-28,24,28609,28322.65057376514,286.3494262348613,286.3494262348613
2016-04-29,24,25385,27045.93919954485,-1660.9391995448495,1660.9391995448495
2016-04-30,24,24698,28480.165508301874,-3782.165508301874,3782.165508301874
2016-05-01,24,29249,28231.23360745659,1017.7663925434099,1017.7663925434099
2016-05-02,24,19428,21117.45680124419,-1689.4568012441887,1689.4568012441887
2016-05-03,24,31962,35116.90386661865,-3154.9038666186534,3154.9038666186534
2016-05-04,24,36182,39401.48275459247,-3219.482754592471,3219.482754592471
2016-05-05,24,38684,38187.50455989955,496.49544010045065,496.49544010045065
2016-05-06,24,39589,34110.43189604589,5478.568103954109,5478.568103954109
2016-05-07,24,43819,31948.795996259454,11870.204003740546,11870.204003740546
2016-05-08,24,44758,33345.444468846,11412.555531154001,11412.555531154001
2016-05-09,24,30507,34176.09693294579,-3669.0969329457876,3669.0969329457876
2016-05-10,24,21452,22179.27994337977,-727.27994337977,727.27994337977
2016-05-11,24,27574,23752.78478698084,3821.2152130191607,3821.2152130191607
2016-05-12,24,38082,34906.23056942286,3175.7694305771365,3175.7694305771365
2016-05-13,24,34706,27025.79863709123,7680.2013629087705,7680.2013629087705
2016-05-14,24,30046,27361.333270155046,2684.666729844954,2684.666729844954
2016-05-15,24,34302,29068.294479646825,5233.7055203531745,5233.7055203531745
2016-05-16,24,37045,34827.48497153816,2217.515028461843,2217.515028461843
2016-05-17,24,36445,34549.72622939165,1895.2737706083499,1895.2737706083499
2016-05-18,24,24111,23312.49082664037,798.509173359631,798.509173359631
2016-05-19,24,34267,29892.198707329895,4374.801292670105,4374.801292670105
2016-05-20,24,35674,30261.232515366784,5412.767484633216,5412.767484633216
2016-05-21,24,26373,24829.530025173237,1543.469974826763,1543.469974826763
2016-05-22,24,30628,28379.510585385808,2248.4894146141924,2248.4894146141924
2016-05-23,24,35067,32919.42120904634,2147.5787909536593,2147.5787909536593
2016-05-24,24,36184,32123.337751511477,4060.662248488523,4060.662248488523
2016-05-25,24,31614,28807.397989243538,2806.602010756462,2806.602010756462
2016-05-26,24,37113,33635.03490661247,3477.965093387531,3477.965093387531
2016-05-27,24,35708,30989.855175366647,4718.144824633353,4718.144824633353
2016-05-28,24,30831,25435.60578421029,5395.394215789711,5395.394215789711
2016-05-29,24,30760,23048.039685546653,7711.960314453347,7711.960314453347
2016-05-30,24,23697,22461.2600733012,1235.7399266987995,1235.7399266987995
2016-05-31,24,16078,22983.04133266567,-6905.041332665671,6905.041332665671
2016-06-01,24,26871,24544.032860816646,2326.9671391833544,2326.9671391833544
2016-06-02,24,28901,24975.252515221997,3925.747484778003,3925.747484778003
2016-06-03,24,29254,25036.0758877682,4217.924112231802,4217.924112231802
2016-06-04,24,29697,24453.314607334738,5243.685392665262,5243.685392665262
2016-06-05,24,40229,25659.61385742868,14569.386142571318,14569.386142571318
2016-06-06,24,39050,33023.03401851036,6026.965981489637,6026.965981489637
2016-06-07,24,34676,36624.14544704501,-1948.1454470450117,1948.1454470450117
2016-06-08,24,34196,32194.295037444004,2001.7049625559957,2001.7049625559957
2016-06-09,24,41165,33952.67416263905,7212.32583736095,7212.32583736095
2016-06-10,24,39637,37298.210874816876,2338.7891251831243,2338.7891251831243
2016-06-11,24,28628,27060.575236734076,1567.4247632659244,1567.4247632659244
2016-06-12,24,17841,25964.92220524498,-8123.92220524498,8123.92220524498
2016-06-13,24,27293,28812.634177160566,-1519.6341771605657,1519.6341771605657
2016-06-14,24,29852,25570.912424639395,4281.087575360605,4281.087575360605
2016-06-15,24,37311,33993.641842157056,3317.358157842944,3317.358157842944
2016-06-16,24,31110,33105.028308733636,-1995.0283087336356,1995.0283087336356
2016-06-17,24,31641,29760.62949363252,1880.3705063674788,1880.3705063674788
2016-06-18,24,29226,26677.1949821015,2548.8050178984995,2548.8050178984995
2016-06-19,24,30954,26622.81045732883,4331.189542671171,4331.189542671171
2016-06-20,24,22057,24610.4001943488,-2553.4001943488,2553.4001943488
2016-06-21,24,38551,36201.863287240354,2349.136712759646,2349.136712759646
2016-06-22,24,36226,33754.41851355869,2471.5814864413114,2471.5814864413114
2016-06-23,24,24852,27833.53196601715,-2981.5319660171517,2981.5319660171517
2016-06-24,9,18380,35710.0389145605,-17330.0389145605,17330.0389145605
2016-06-25,24,25939,23738.65633698283,2200.343663017171,2200.343663017171
2016-06-26,24,29112,26310.37298951861,2801.6270104813884,2801.6270104813884
2016-06-27,24,33299,34369.94958947592,-1070.9495894759166,1070.9495894759166
2016-06-28,24,31288,37537.50318793533,-6249.503187935326,6249.503187935326
2016-06-29,24,31210,27979.200268351204,3230.7997316487963,3230.7997316487963
2016-06-30,24,35432,32460.6027779416,2971.3972220584,2971.3972220584
2016-07-01,24,27730,30080.496705860267,-2350.496705860267,2350.496705860267
2016-07-02,24,30322,27582.804274643742,2739.1957253562578,2739.1957253562578
2016-07-03,24,33668,30289.705419143713,3378.294580856287,3378.294580856287
2016-07-04,24,37221,32787.00718354918,4433.9928164508165,4433.9928164508165
2016-07-05,24,40463,35890.64904824372,4572.350951756278,4572.350951756278
2016-07-06,24,42412,42667.514552730034,-255.51455273003376,255.51455273003376
2016-07-07,24,39157,40925.698322688106,-1768.6983226881057,1768.6983226881057
2016-07-08,24,36842,34171.40873175529,2670.5912682447088,2670.5912682447088
2016-07-09,24,33968,32347.428749322055,1620.5712506779455,1620.5712506779455
2016-07-10,24,29135,27780.890576967766,1354.1094230322342,1354.1094230322342
2016-07-11,24,32420,30809.540757307903,1610.4592426920972,1610.4592426920972
2016-07-12,24,29869,27263.62567031598,2605.3743296840184,2605.3743296840184
2016-07-13,24,35691,29520.739114725096,6170.260885274904,6170.260885274904
2016-07-14,24,39923,39953.229724685865,-30.22972468586522,30.22972468586522
2016-07-15,24,36601,34487.1109816469,2113.8890183530966,2113.8890183530966
2016-07-16,24,38349,31560.947020689833,6788.052979310167,6788.052979310167
2016-07-17,24,37769,33063.21279018589,4705.787209814109,4705.787209814109
2016-07-18,24,43195,44185.348864103136,-990.3488641031363,990.3488641031363
2016-07-19,24,46021,43401.60671163593,2619.3932883640664,2619.3932883640664
2016-07-20,24,44664,43364.92929144104,1299.0707085589602,1299.0707085589602
2016-07-21,24,41272,42324.213840574484,-1052.2138405744845,1052.2138405744845
2016-07-22,24,35996,39105.61666721504,-3109.616667215043,3109.616667215043
2016-07-23,24,41466,37539.17120036889,3926.828799631112,3926.828799631112
2016-07-24,24,38553,31496.95081004894,7056.04918995106,7056.04918995106
2016-07-25,24,40577,39032.773141541125,1544.2268584588746,1544.2268584588746
2016-07-26,24,42021,39557.91618722194,2463.083812778059,2463.083812778059
2016-07-27,24,33339,32028.51423808554,1310.4857619144605,1310.4857619144605
2016-07-28,22,31244,38687.98402676065,-7443.984026760649,7443.984026760649
2016-07-29,24,35353,34190.08840841056,1162.9115915894436,1162.9115915894436
2016-07-30,24,45608,34950.87585598605,10657.12414401395,10657.12414401395
2016-07-31,23,44678,35629.161718752424,9048.838281247576,9048.838281247576
2016-08-01,24,29749,34808.232581676304,-5059.232581676304,5059.232581676304
2016-08-02,24,28593,25661.759963071643,2931.240036928357,2931.240036928357
2016-08-03,24,40268,34466.25011011323,5801.749889886771,5801.749889886771
2016-08-04,24,39082,35436.45750129517,3645.542498704832,3645.542498704832
2016-08-05,23,35991,36528.08766892219,-537.0876689221914,537.0876689221914
2016-08-06,24,41885,35924.02589324194,5960.974106758062,5960.974106758062
2016-08-07,24,38076,30135.10040045245,7940.899599547549,7940.899599547549
2016-08-08,24,37769,37206.286113027265,562.713886972735,562.713886972735
2016-08-09,24,39514,39557.25799222381,-43.25799222380738,43.25799222380738
2016-08-10,24,38430,37795.347726046486,634.6522739535139,634.6522739535139
2016-08-11,24,37626,35762.67409399492,1863.3259060050768,1863.3259060050768
2016-08-12,24,40159,37121.47090451751,3037.5290954824886,3037.5290954824886
2016-08-13,24,43041,33435.70130357003,9605.29869642997,9605.29869642997
2016-08-14,24,43848,36955.43377071158,6892.566229288423,6892.566229288423
2016-08-15,23,40236,36056.92032647076,4179.079673529239,4179.079673529239
2016-08-16,22,38911,35434.738326240906,3476.2616737590943,3476.2616737590943
2016-08-17,24,42439,38431.51146117453,4007.4885388254697,4007.4885388254697
2016-08-18,24,38983,37843.48855804707,1139.5114419529273,1139.5114419529273
2016-08-19,24,25593,30151.681480233583,-4558.681480233583,4558.681480233583
2016-08-20,24,24371,26493.87696650764,-2122.8769665076397,2122.8769665076397
2016-08-21,24,28219,26123.499497331257,2095.500502668743,2095.500502668743
2016-08-22,24,35693,34098.637344673945,1594.3626553260547,1594.3626553260547
2016-08-23,24,42060,43490.18371879527,-1430.1837187952697,1430.1837187952697
2016-08-24,24,40664,46095.97403929102,-5431.974039291017,5431.974039291017
2016-08-25,24,37742,43010.889285721336,-5268.889285721336,5268.889285721336
2016-08-26,24,37697,43395.21973612711,-5698.21973612711,5698.21973612711
2016-08-27,24,32188,33169.088545211656,-981.0885452116563,981.0885452116563
2016-08-28,24,25849,27646.097723978808,-1797.097723978808,1797.097723978808
2016-08-29,24,34176,33315.399299541634,860.6007004583662,860.6007004583662
2016-08-30,24,39473,43822.70762141165,-4349.707621411653,4349.707621411653
2016-08-31,24,38989,38851.23988984192,137.76011015808035,137.76011015808035
2016-09-01,23,39270,39066.01712853869,203.98287146131042,203.98287146131042
2016-09-03,12,15265,22514.809197292398,-7249.809197292398,7249.809197292398
2016-09-04,24,27512,26156.99285522499,1355.0071447750088,1355.0071447750088
2016-09-05,24,27873,31203.77837216496,-3330.778372164961,3330.778372164961
2016-09-06,24,37629,35436.79081759173,2192.209182408267,2192.209182408267
2016-09-07,24,39816,40787.58578580913,-971.5857858091331,971.5857858091331
2016-09-08,24,40555,38027.804343972435,2527.195656027565,2527.195656027565
2016-09-09,24,36151,32172.851268073864,3978.148731926136,3978.148731926136
2016-09-10,24,17080,22498.077276538148,-5418.077276538148,5418.077276538148
2016-09-11,24,39403,31946.51714300484,7456.482856995161,7456.482856995161
2016-09-12,24,39261,37930.88962341605,1330.1103765839507,1330.1103765839507
2016-09-13,24,43573,42519.41582247422,1053.5841775257795,1053.5841775257795
2016-09-14,24,44478,42200.189272975374,2277.8107270246255,2277.8107270246255
2016-09-15,24,42135,41080.10788579255,1054.8921142074469,1054.8921142074469
2016-09-16,24,21967,24977.42626367597,-3010.4262636759704,3010.4262636759704
2016-09-17,24,27182,23043.498126115992,4138.501873884008,4138.501873884008
2016-09-18,24,29463,27085.87617600377,2377.1238239962295,2377.1238239962295
2016-09-19,24,33109,35145.14094597141,-2036.1409459714123,2036.1409459714123
2016-09-20,24,37292,33130.099052641104,4161.900947358896,4161.900947358896
2016-09-21,24,40267,36814.72402643772,3452.275973562282,3452.275973562282
2016-09-22,24,38043,34778.98943296518,3264.0105670348203,3264.0105670348203
2016-09-23,24,38528,36696.95227685153,1831.0477231484692,1831.0477231484692
2016-09-24,24,35786,32853.49367514239,2932.5063248576116,2932.5063248576116
2016-09-25,24,29663,29844.657745538956,-181.65774553895608,181.65774553895608
2016-09-26,24,34774,32572.29914242238,2201.70085757762,2201.70085757762
2016-09-27,24,35751,31380.498249185348,4370.501750814652,4370.501750814652
2016-09-28,24,38529,30827.824621711938,7701.175378288062,7701.175378288062
2016-09-29,24,34511,31626.4928884607,2884.5071115393002,2884.5071115393002
2016-09-30,24,33753,32496.569871643747,1256.4301283562527,1256.4301283562527
2016-10-01,24,17593,21335.96353375304,-3742.9635337530417,3742.9635337530417
2016-10-02,24,27022,26157.581039933644,864.4189600663558,864.4189600663558
2016-10-03,24,35582,34501.400625120164,1080.5993748798355,1080.5993748798355
2016-10-04,24,36807,29429.3243473113,7377.6756526887,7377.6756526887
2016-10-05,24,35993,32033.322190835144,3959.6778091648557,3959.6778091648557
2016-10-06,24,35005,34067.63158139951,937.3684186004903,937.3684186004903
2016-10-07,24,33050,31187.26505142342,1862.7349485765808,1862.7349485765808
2016-10-08,24,26884,27496.372812954916,-612.3728129549163,612.3728129549163
2016-10-09,24,25082,27308.742495034287,-2226.7424950342865,2226.7424950342865
2016-10-10,24,32760,29925.221927225488,2834.778072774512,2834.778072774512
2016-10-11,24,34914,31123.968664070613,3790.031335929387,3790.031335929387
2016-10-12,24,32282,30185.899294025865,2096.100705974135,2096.100705974135
2016-10-13,24,30587,24220.142929429763,6366.857070570237,6366.857070570237
2016-10-14,24,32324,29500.715902578188,2823.2840974218125,2823.2840974218125
2016-10-15,24,23488,26699.293578609046,-3211.2935786090457,3211.2935786090457
2016-10-16,24,18527,24183.043687790116,-5656.043687790116,5656.043687790116
2016-10-17,24,28734,30882.06964333909,-2148.0696433390913,2148.0696433390913
2016-10-18,24,32771,30119.192546577793,2651.807453422207,2651.807453422207
2016-10-19,24,33673,30309.665401759456,3363.3345982405444,3363.3345982405444
2016-10-20,24,32344,29324.95579406225,3019.044205937749,3019.044205937749
2016-10-21,24,30567,26425.544927736046,4141.455072263954,4141.455072263954
2016-10-22,24,26020,24568.781270451338,1451.218729548662,1451.218729548662
2016-10-23,24,23553,22281.299752669354,1271.7002473306457,1271.7002473306457
2016-10-24,24,30053,29498.297298738144,554.7027012618564,554.7027012618564
2016-10-25,24,32992,31145.95082143529,1846.04917856471,1846.04917856471
2016-10-26,24,34010,29929.610764144574,4080.389235855426,4080.389235855426
2016-10-27,24,33888,28967.446858932723,4920.5531410672775,4920.5531410672775
2016-10-28,24,33420,30586.435579936326,2833.5644200636743,2833.5644200636743
2016-10-29,24,27785,27475.17007639866,309.82992360134085,309.82992360134085
2016-10-30,23,23535,20837.121496585205,2697.878503414795,2697.878503414795
2016-10-31,24,34461,28352.62745622521,6108.372543774789,6108.372543774789
2016-11-01,24,32054,25268.226179032587,6785.7738209674135,6785.7738209674135
2016-11-02,24,32038,29157.422305040825,2880.5776949591746,2880.5776949591746
2016-11-03,24,30891,28993.485731142177,1897.5142688578235,1897.5142688578235
2016-11-04,24,21932,26318.07467475762,-4386.0746747576195,4386.0746747576195
2016-11-05,24,19420,18897.916232723393,522.0837672766065,522.0837672766065
2016-11-06,24,13406,17955.280748433786,-4549.280748433786,4549.280748433786
2016-11-07,24,17193,22175.880655253386,-4982.880655253386,4982.880655253386
2016-11-08,24,26147,25511.1631992545,635.8368007454992,635.8368007454992
2016-11-09,24,18700,16891.727449371352,1808.2725506286479,1808.2725506286479
2016-11-10,24,25830,23861.39367220009,1968.6063277999092,1968.6063277999092
2016-11-11,24,27814,26405.677714157784,1408.322285842216,1408.322285842216
2016-11-12,23,8990,15258.329232482185,-6268.329232482185,6268.329232482185
2016-11-13,24,19044,20340.640300263884,-1296.6403002638835,1296.6403002638835
2016-11-14,24,24618,22875.92218857325,1742.0778114267487,1742.0778114267487
2016-11-15,24,28498,25220.591091161845,3277.408908838155,3277.408908838155
2016-11-16,24,27439,24952.887363833237,2486.112636166763,2486.112636166763
2016-11-17,24,27462,25933.936974569915,1528.063025430085,1528.063025430085
2016-11-18,24,26594,23591.895875053724,3002.104124946276,3002.104124946276
2016-11-19,24,18069,17947.540534485597,121.45946551440284,121.45946551440284
2016-11-20,24,10613,14456.222075109888,-3843.2220751098885,3843.2220751098885
2016-11-21,24,19230,17394.262796466508,1835.737203533492,1835.737203533492
2016-11-22,24,27422,21347.735010727025,6074.264989272975,6074.264989272975
2016-11-23,24,28768,24692.401835178178,4075.598164821822,4075.598164821822
2016-11-24,24,27941,24150.030899176854,3790.9691008231457,3790.9691008231457
2016-11-25,24,27413,26252.44484105651,1160.5551589434908,1160.5551589434908
2016-11-26,24,19581,19308.181435457365,272.8185645426347,272.8185645426347
2016-11-27,24,15446,19652.30443358834,-4206.304433588339,4206.304433588339
2016-11-28,24,26765,26659.76068455476,105.23931544524021,105.23931544524021
2016-11-29,24,27607,24817.65498807675,2789.345011923251,2789.345011923251
2016-11-30,24,26934,24395.665788579972,2538.3342114200277,2538.3342114200277
2016-12-01,24,26245,21322.228748212554,4922.771251787446,4922.771251787446
2016-12-02,24,25991,18702.45691252588,7288.543087474121,7288.543087474121
2016-12-03,24,17898,15505.202975897182,2392.797024102818,2392.797024102818
2016-12-04,24,15267,13353.266327590858,1913.733672409142,1913.733672409142
2016-12-05,24,26231,15562.912007073943,10668.087992926057,10668.087992926057
2016-12-06,24,28095,17797.450231604445,10297.549768395555,10297.549768395555
2016-12-07,24,29424,23132.74584270599,6291.25415729401,6291.25415729401
2016-12-08,24,28366,21685.316544790516,6680.683455209484,6680.683455209484
2016-12-09,24,29714,21570.475233432342,8143.524766567658,8143.524766567658
2016-12-10,24,14832,15148.585316238043,-316.58531623804265,316.58531623804265
2016-12-11,24,17450,12780.126327064967,4669.873672935033,4669.873672935033
2016-12-12,24,25275,16582.051386652238,8692.948613347762,8692.948613347762
2016-12-13,24,26520,20245.467347412527,6274.532652587473,6274.532652587473
2016-12-14,24,28861,22272.310121399812,6588.6898786001875,6588.6898786001875
2016-12-15,24,28195,19043.007227171194,9151.992772828806,9151.992772828806
2016-12-16,24,27621,18717.634293730072,8903.365706269928,8903.365706269928
2016-12-17,24,17238,12407.953216733333,4830.046783266667,4830.046783266667
2016-12-18,24,14970,13331.120110047583,1638.8798899524172,1638.8798899524172
2016-12-19,24,23535,17600.110243220064,5934.889756779936,5934.889756779936
2016-12-20,24,24864,19626.562394189266,5237.437605810734,5237.437605810734
2016-12-21,24,23136,19409.481689198645,3726.5183108013553,3726.5183108013553
2016-12-22,24,21461,21912.425635003485,-451.4256350034848,451.4256350034848
2016-12-23,24,14409,16659.87355568092,-2250.873555680919,2250.873555680919
2016-12-24,24,7890,13952.527199851835,-6062.527199851835,6062.527199851835
2016-12-25,24,36653,13461.78291677608,23191.21708322392,23191.21708322392
2016-12-26,24,11455,15889.177034867964,-4434.177034867964,4434.177034867964
2016-12-27,24,10842,15331.047048484204,-4489.047048484204,4489.047048484204
2016-12-28,24,12428,13912.611732929916,-1484.611732929916,1484.611732929916
2016-12-29,24,14052,17850.10184441677,-3798.101844416771,3798.101844416771
2016-12-30,24,11566,11605.466109327735,-39.46610932773547,39.46610932773547
2016-12-31,24,11424,11796.183939087237,-372.1839390872374,372.1839390872374
